-- INSERINDO VALORES DA TABELA DEPARTAMENTO
INSERT INTO T_SGC_DEPARTAMENTO VALUES (101, 'DEPARTAMENTO ADMINISTRATIVO');
INSERT INTO T_SGC_DEPARTAMENTO VALUES (102, 'DEPARTAMENTO FINANCEIRO');
INSERT INTO T_SGC_DEPARTAMENTO VALUES (103, 'DEPARTAMENTO RECURSOS HUMANOS');
INSERT INTO T_SGC_DEPARTAMENTO VALUES (104, 'DEPARTAMENTO COMERCIAL');
INSERT INTO T_SGC_DEPARTAMENTO VALUES (105, 'DEPARTAMENTO JURIDICO');
INSERT INTO T_SGC_DEPARTAMENTO VALUES (106, 'DEPARTAMENTO TECNOLOGIA');

-- INSERINDO VALORES DA TABELA CARGO
INSERT INTO T_SGC_CARGO VALUES (10101, 'PRESIDENCIA/DIRETORIA', 101, 'DEPARTAMENTO ADMINISTRATIVO');
INSERT INTO T_SGC_CARGO VALUES (10102, 'GERENCIA', 101, 'DEPARTAMENTO ADMINISTRATIVO');
INSERT INTO T_SGC_CARGO VALUES (10103, 'COORDENACAO', 101, 'DEPARTAMENTO ADMINISTRATIVO');
INSERT INTO T_SGC_CARGO VALUES (10104, 'SUPERVISAO', 101, 'DEPARTAMENTO ADMINISTRATIVO');
INSERT INTO T_SGC_CARGO VALUES (10105, 'ANALISTA', 101, 'DEPARTAMENTO ADMINISTRATIVO');
INSERT INTO T_SGC_CARGO VALUES (10106, 'ASSISTENTE', 101, 'DEPARTAMENTO ADMINISTRATIVO');
INSERT INTO T_SGC_CARGO VALUES (10107, 'AUXILIAR', 101, 'DEPARTAMENTO ADMINISTRATIVO');
INSERT INTO T_SGC_CARGO VALUES (10108, 'ESTAGIARIO', 101, 'DEPARTAMENTO ADMINISTRATIVO');
INSERT INTO T_SGC_CARGO VALUES (10109, 'APRENDIZ', 101, 'DEPARTAMENTO ADMINISTRATIVO');

INSERT INTO T_SGC_CARGO VALUES (10201, 'GERENTE FINANCEIRO', 102, 'DEPARTAMENTO FINANCEIRO');
INSERT INTO T_SGC_CARGO VALUES (10202, 'COORD. DE CONTABILIDADE', 102, 'DEPARTAMENTO FINANCEIRO');
INSERT INTO T_SGC_CARGO VALUES (10203, 'ANALISTA CONTABIL', 102, 'DEPARTAMENTO FINANCEIRO');
INSERT INTO T_SGC_CARGO VALUES (10204, 'ANALISTA FISCAL', 102, 'DEPARTAMENTO FINANCEIRO');
INSERT INTO T_SGC_CARGO VALUES (10205, 'AUDITOR', 102, 'DEPARTAMENTO FINANCEIRO');
INSERT INTO T_SGC_CARGO VALUES (10206, 'CONTABILISTA', 102, 'DEPARTAMENTO FINANCEIRO');
INSERT INTO T_SGC_CARGO VALUES (10207, 'ESTAGIARIO', 102, 'DEPARTAMENTO FINANCEIRO');

INSERT INTO T_SGC_CARGO VALUES (10301, 'DIRETOR DE RH', 103, 'DEPARTAMENTO RECURSOS HUMANOS');
INSERT INTO T_SGC_CARGO VALUES (10302, 'GERENTE DE RH', 103, 'DEPARTAMENTO RECURSOS HUMANOS');
INSERT INTO T_SGC_CARGO VALUES (10303, 'COORD./ESPECIALISTA EM RH', 103, 'DEPARTAMENTO RECURSOS HUMANOS');
INSERT INTO T_SGC_CARGO VALUES (10304, 'ANALISTA DE RH', 103, 'DEPARTAMENTO RECURSOS HUMANOS');

INSERT INTO T_SGC_CARGO VALUES (10401, 'DIRETOR DE MKT E VENDAS', 104,'DEPARTAMENTO COMERCIAL');
INSERT INTO T_SGC_CARGO VALUES (10402, 'GERENTE DE VENDAS', 104,'DEPARTAMENTO COMERCIAL');
INSERT INTO T_SGC_CARGO VALUES (10403, 'COORDENADOR DE VENDAS', 104,'DEPARTAMENTO COMERCIAL');
INSERT INTO T_SGC_CARGO VALUES (10404, 'SUPERVISOR DE VENDAS', 104,'DEPARTAMENTO COMERCIAL');
INSERT INTO T_SGC_CARGO VALUES (10405, 'CONSULTOR DE VENDAS', 104,'DEPARTAMENTO COMERCIAL');
INSERT INTO T_SGC_CARGO VALUES (10406, 'ANALISTA DE VENDAS', 104,'DEPARTAMENTO COMERCIAL');
INSERT INTO T_SGC_CARGO VALUES (10407, 'SUPORTE DE VENDAS', 104,'DEPARTAMENTO COMERCIAL');
INSERT INTO T_SGC_CARGO VALUES (10408, 'ESTAGIARIO', 104,'DEPARTAMENTO COMERCIAL');

INSERT INTO T_SGC_CARGO VALUES (10501, 'DIRETOR JURIDICO', 105, 'DEPARTAMENTO JURIDICO');
INSERT INTO T_SGC_CARGO VALUES (10502, 'ADVOGADO', 105, 'DEPARTAMENTO JURIDICO');
INSERT INTO T_SGC_CARGO VALUES (10503, 'ASSISTENTE JURIDICO', 105, 'DEPARTAMENTO JURIDICO');
INSERT INTO T_SGC_CARGO VALUES (10504, 'ESTAGIARIO', 105, 'DEPARTAMENTO JURIDICO');

INSERT INTO T_SGC_CARGO VALUES (10601, 'GERENTE DE TI', 106, 'DEPARTAMENTO TECNOLOGIA');
INSERT INTO T_SGC_CARGO VALUES (10602, 'ANALISTA DE SUPORTE E INFRA', 106, 'DEPARTAMENTO TECNOLOGIA');
INSERT INTO T_SGC_CARGO VALUES (10603, 'ANALISTA DE DESENV.', 106, 'DEPARTAMENTO TECNOLOGIA');
INSERT INTO T_SGC_CARGO VALUES (10604, 'TECNICO DE REDES E INFRA', 106, 'DEPARTAMENTO TECNOLOGIA');
INSERT INTO T_SGC_CARGO VALUES (10605, 'TECNICO DE SUPORTE', 106, 'DEPARTAMENTO TECNOLOGIA');
INSERT INTO T_SGC_CARGO VALUES (10606, 'ESTAGIARIO', 106, 'DEPARTAMENTO TECNOLOGIA');

-- INSERINDO VALORES DA TABELA GESTOR
INSERT INTO T_SGC_GESTOR VALUES (001, 'PRISCILA CAROLINA PORTO', 101, 'DEPARTAMENTO ADMINISTRATIVO',  10102, 'GERENCIA', 'FEMININO', 11984460910,
'priscilacarolinaporto..priscilacarolinaporto@athos.srv.br', TO_DATE('07/05/2012','DD/MM/YYYY'));

INSERT INTO T_SGC_GESTOR VALUES (002, 'CAUA ENZO FABIO DA LUZ', 102, 'DEPARTAMENTO FINANCEIRO',  10201, 'GERENTE FINANCEIRO', 'MASCULINO', 17997647783,
'cauaenzofabiodaluz..cauaenzofabiodaluz@plani.com.br', TO_DATE('07/05/2012','DD/MM/YYYY'));

INSERT INTO T_SGC_GESTOR VALUES (003, 'SARAH HELOISE LOISE CAVALCANTI', 103, 'DEPARTAMENTO RECURSOS HUMANOS', 10301, 'DIRETOR DE RH', 'FEMININO', 11999549217,
'sarahheloiselouisecavalcanti_@yahoo.se', TO_DATE('07/05/2012','DD/MM/YYYY'));

INSERT INTO T_SGC_GESTOR VALUES (004, 'MARTIN LEVI AUGUSTO MORAES', 104, 'DEPARTAMENTO COMERCIAL', 10401, 'DIRETOR DE MKT E VENDAS', 'MASCULINO', 12981949794,
'martinleviaugustomoraes..martinleviaugustomoraes@icloub.com', TO_DATE('06/08/2012','DD/MM/YYYY'));

INSERT INTO T_SGC_GESTOR VALUES (005, 'CARLA GIOVANA MILENA PINTO', 105, 'DEPARTAMENTO JURIDICO', 10501, 'DIRETOR JURIDICO', 'FEMININO', 11988278937,
'ccarlagiovanamilenapinto@likaleal.com.br', TO_DATE('06/08/2012','DD/MM/YYYY'));

INSERT INTO T_SGC_GESTOR VALUES (006, 'CARLA MIRELLA BARROS', 106, 'DEPARTAMENTO TECNOLOGIA', 10601, 'GERENTE DE TI', 'FEMININO', 17988731345,
'ccarlamirellabarros@grupompe.com.br', TO_DATE('03/06/2013','DD/MM/YYYY'));


-- INSERINDO VALORES DA TABELA FUNCIONARIO
INSERT INTO T_SGC_FUNCIONARIO VALUES (004, 'ENRICO NATHAN IGOR CASTRO', 101, 'DEPARTAMENTO ADMINISTRATIVO', 10107, 'AUXILIAR', 001,  'MASCULINO', 14982567196, 'eenriconathanigorcastro@laramjeirabaumann.com.br', TO_DATE('06/08/2012','DD/MM/YYYY'), 0);
INSERT INTO T_SGC_FUNCIONARIO VALUES (008, 'DIEGO OTAVIO NOVAES', 101,  'DEPARTAMENTO ADMINISTRATIVO', 10105, 'ANALISTA', 001, 'MASCULINO', 11994383664, 'diegootavionovaes_@cbsdobrasil.com.br', TO_DATE('03/02/2014','DD/MM/YYYY'), 0);
INSERT INTO T_SGC_FUNCIONARIO VALUES (009, 'LUANA MILENA RIBEIRO', 101,  'DEPARTAMENTO ADMINISTRATIVO', 10108, 'ESTAGIARIO', 001, 'FEMININO', 16985532077, 'lluanamilenaribeiro@estruturalbr.com.br', TO_DATE('03/02/2014','DD/MM/YYYY'), 0);
INSERT INTO T_SGC_FUNCIONARIO VALUES (010, 'HUGO LORENZO CALEBE MONTEIRO', 101,  'DEPARTAMENTO ADMINISTRATIVO', 10104, 'SUPERVISAO', 001, 'MASCULINO', 14986743889, 'hhugolorenzocalebemonteiro@clubedorei.com.br', TO_DATE('03/02/2014','DD/MM/YYYY'), 0);

INSERT INTO T_SGC_FUNCIONARIO VALUES (011, 'LUCIA VANESSA ALICE PINTO', 102, 'DEPARTAMENTO FINANCEIRO',  10203, 'ANALISTA CONTABIL', 002, 'FEMININO', 19999985961, 'luciavanessaalicepinto-99@fosj.unesp.br',TO_DATE('05/05/2014','DD/MM/YYYY'), 0);
INSERT INTO T_SGC_FUNCIONARIO VALUES (012, 'ALANA LARA DA ROCHA', 102, 'DEPARTAMENTO FINANCEIRO', 10205, 'AUDITOR', 002, 'FEMININO', 11985377819, 'aalanalaradarocha@ouplook.com', TO_DATE('01/09/2014','DD/MM/YYYY'), 0);
INSERT INTO T_SGC_FUNCIONARIO VALUES (013, 'JORGE MARTINS RYAN RAMOS', 102, 'DEPARTAMENTO FINANCEIRO', 10206, 'CONTABILISTA', 002, 'MASCULINO', 16993294464, 'jorgemartinryanramos-94@hotmaill.com', TO_DATE('06/04/2015','DD/MM/YYYY'), 0);
INSERT INTO T_SGC_FUNCIONARIO VALUES (014, 'FABIANA RAFAELA BERNARDES', 102, 'DEPARTAMENTO FINANCEIRO', 10207, 'ESTAGIARIO', 002, 'FEMININO', 14992569551, 'ffabianarafaelabernardes@mail.com', TO_DATE('15/10/2015','DD/MM/YYYY'), 0);

INSERT INTO T_SGC_FUNCIONARIO VALUES (015, 'RITA ALINE LARISSA SANTOS', 103, 'DEPARTAMENTO RECURSOS HUMANOS', 10302, 'GERENTE DE RH', 003, 'FEMININO', 19993337156, 'rritaalinelarissasantos@grupoitaipu.com.br', TO_DATE('01/06/2016','DD/MM/YYYY'), 0);
INSERT INTO T_SGC_FUNCIONARIO VALUES (016, 'HENRIQUE MARCIO BATISTA', 103, 'DEPARTAMENTO RECURSOS HUMANOS', 10302, 'GERENTE DE RH', 003, 'MASCULINO', 11983014240, 'henriquemarciobaptista-80@br.ibn.com', TO_DATE('04/07/2016','DD/MM/YYYY'), 0);
INSERT INTO T_SGC_FUNCIONARIO VALUES (017, 'THALES ARTHUR VICTOR FERREIRA', 103, 'DEPARTAMENTO RECURSOS HUMANOS', 10303, 'COORD./ESPECIALISTA EM RH', 003, 'MASCULINO', 14989067386, 'thalesarthurvictorferreira__thalesarthurvictorferreira@aircominternational.com', TO_DATE('01/02/2017','DD/MM/YYYY'), 0);
INSERT INTO T_SGC_FUNCIONARIO VALUES (018, 'SEBASTIAO LUCCA FERNANDES', 103, 'DEPARTAMENTO RECURSOS HUMANOS',10304, 'ANALISTA DE RH', 003, 'MASCULINO', 11987587801, 'ssebastiaoluccafernandes@pq.cnpq.br', TO_DATE('02/05/2017','DD/MM/YYYY'), 0);

INSERT INTO T_SGC_FUNCIONARIO VALUES (019, 'EDUARDA LUZIA LIVIA RAMOS', 104, 'DEPARTAMENTO COMERCIAL',  10403, 'COORDENADOR DE VENDAS', 004, 'FEMININO', 17986432304, 'eduardaluzialiviaramos__eduardaluzialiviaramos@academiagolf.com.br', TO_DATE('01/11/2017','DD/MM/YYYY'), 0);
INSERT INTO T_SGC_FUNCIONARIO VALUES (020, 'JORGE MIGUEL KEVIN PIRES', 104, 'DEPARTAMENTO COMERCIAL',  10405, 'CONSULTOR DE VENDAS', 004, 'MASCULINO', 11988473413, 'jorgemiguelkevinpires_@engeco.com.br', TO_DATE('02/01/2018','DD/MM/YYYY'), 0);
INSERT INTO T_SGC_FUNCIONARIO VALUES (021, 'CAUE CESAR ASSUNCAO', 104, 'DEPARTAMENTO COMERCIAL', 10404, 'SUPERVISOR DE VENDAS', 004, 'MASCULINO', 19996044345, 'cauecesarassuncao__cauecesarassuncao@gilconsultoria.com.br', TO_DATE('02/05/2018','DD/MM/YYYY'), 0);
INSERT INTO T_SGC_FUNCIONARIO VALUES (022, 'LARA GIOVANNA BRENDA FERREIRA', 104, 'DEPARTAMENTO COMERCIAL', 10406, 'ANALISTA DE VENDAS', 004, 'FEMININO', 19991066408, 'laragiovannabrendaferreira_@elimco.com', TO_DATE('01/11/2018','DD/MM/YYYY'), 0);

INSERT INTO T_SGC_FUNCIONARIO VALUES (023, 'LAVINIA LUANA BARBARA FREITAS', 105, 'DEPARTAMENTO JURIDICO', 10502, 'ADVOGADO', 005, 'FEMININO', 11994108967, 'lavinialuanabarbarafreitas__lavinialuanabarbarafreitas@tursi.com.br', TO_DATE('04/02/2019','DD/MM/YYYY'), 0);
INSERT INTO T_SGC_FUNCIONARIO VALUES (024, 'JESSICA CLARA PINTO', 105, 'DEPARTAMENTO JURIDICO',  10503, 'ASSISTENTE JURIDICO', 005, 'FEMININO', 17992472244, 'jessicaclarapinto..jessicaclarapinto@cabletech.com.br', TO_DATE('02/04/2019','DD/MM/YYYY'), 0);
INSERT INTO T_SGC_FUNCIONARIO VALUES (025, 'FERNANDA BRUNA VITORIA MORAES', 105, 'DEPARTAMENTO JURIDICO', 10502, 'ADVOGADO', 005, 'FEMININO', 19989722619, 'fernandabrunavitoriamoraes_@tarp.com.br', TO_DATE('02/05/2019','DD/MM/YYYY'), 0);
INSERT INTO T_SGC_FUNCIONARIO VALUES (026, 'BENJAMIN GIOVANNI GALVAO', 105, 'DEPARTAMENTO JURIDICO', 10504, 'ESTAGIARIO', 005, 'MASCULINO', 19982966739, 'benjamingiovannigalvao..benjamingiovannigalvao@band.com.br', TO_DATE('01/11/2019','DD/MM/YYYY'), 0);

INSERT INTO T_SGC_FUNCIONARIO VALUES (027, 'BRYAN LEVI NUNES', 106, 'DEPARTAMENTO TECNOLOGIA', 10602, 'ANALISTA DE SUPORTE E INFRA', 006, 'MASCULINO', 11996626030, 'bryanlevinunes_@leoshehtman.com.br', TO_DATE('03/02/2020','DD/MM/YYYY'), 0);
INSERT INTO T_SGC_FUNCIONARIO VALUES (028, 'TANIA LAVINIA JULIA RODRIGUES', 106, 'DEPARTAMENTO TECNOLOGIA', 10603, 'ANALISTA DE DESENV.', 006, 'FEMININO', 11984079799, 'tanialaviniajuliarodrigues_@demasi.com.br', TO_DATE('01/06/2020','DD/MM/YYYY'), 0);
INSERT INTO T_SGC_FUNCIONARIO VALUES (029, 'LUANA JAQUELINE DA PAZ', 106, 'DEPARTAMENTO TECNOLOGIA', 10605, 'TECNICO DE SUPORTE', 006, 'FEMININO', 16993432096, 'luanajaquelinedapaz..luanajaquelinedapaz@oliveiracontabil.com.br', TO_DATE('03/08/2020','DD/MM/YYYY'), 0);
INSERT INTO T_SGC_FUNCIONARIO VALUES (030, 'ISAAC MARCOS VINICIUS BENTO SILVA', 106, 'DEPARTAMENTO TECNOLOGIA', 10606, 'ESTAGIARIO', 006, 'MASCULINO', 11992648358, 'iisaacmarcosviniciusbentosilveira@osbocops.com', TO_DATE('01/09/2020','DD/MM/YYYY'), 0);


-- INSERINDO VALORES DA TABELA MISSÃO
INSERT INTO T_SGC_MISSAO VALUES (10000, 'TREINAMENTO: RELAÇÕES INTERPESSOAIS', TO_DATE('20/11/2020','DD/MM/YYYY'), 105, 'DEPARTAMENTO JURIDICO', 005, 024, 10503, 'ASSISTENTE JURIDICO', 'ABERTO', 10, TO_DATE('05/12/2020','DD/MM/YYYY'));